{"loss": 0.006303148526994846, "accuracy": 0.9976320266723633, "recall": 0.9892596006393433, "precision": 0.9903001189231873, "_timestamp": 1646685510, "_runtime": 92332, "_step": 1369, "_wandb": {"runtime": 92384}}