{"loss": 0.024140746005577966, "accuracy": 0.9917780160903931, "recall": 0.9603757858276367, "precision": 0.9651926159858704, "_timestamp": 1646594938, "_runtime": 1760, "_step": 25}