{"loss": 0.009337769849807956, "accuracy": 0.9967377185821533, "recall": 0.9831815958023071, "precision": 0.9870286583900452, "_timestamp": 1646592631, "_runtime": 9102, "_step": 134, "_wandb": {"runtime": 9119}}