{"loss": 0.012110021489133942, "accuracy": 0.9954508543014526, "recall": 0.9806459546089172, "precision": 0.9798235297203064, "_timestamp": 1646561500, "_runtime": 11851, "_step": 175}